tr_1,tr_2
1,-0.235381059118039
1,-0.51847255998134
1,-0.949762954251863
1,0.239593687492792
1,0.558733112245134
1,0.350336639719076
1,0.275182621728208
1,-1.0816743737435
1,-1.53465376122209
1,0.0242163384990306
